id,brand,product,category,type,photos_to_supply,status,what_to_photograph
"the-only-one","Dolce & Gabbana","The Only One Eau de Parfum","Perfumes","Women's","1 to 3","illustration (temporary)","The exact product as sold (same brand, name, size and shade): front view on a plain light background, soft even light, label readable, no people or other brands in frame. Add the retail box and a second angle if available."
"coco-mademoiselle","Chanel","Coco Mademoiselle","Perfumes","Women's","1 to 3","illustration (temporary)","The exact product as sold (same brand, name, size and shade): front view on a plain light background, soft even light, label readable, no people or other brands in frame. Add the retail box and a second angle if available."
"coco-mademoiselle-intense","Chanel","Coco Mademoiselle Intense","Perfumes","Women's","1 to 3","illustration (temporary)","The exact product as sold (same brand, name, size and shade): front view on a plain light background, soft even light, label readable, no people or other brands in frame. Add the retail box and a second angle if available."
"no5-parfum","Chanel","N°5 Parfum","Perfumes","Women's","1 to 3","illustration (temporary)","The exact product as sold (same brand, name, size and shade): front view on a plain light background, soft even light, label readable, no people or other brands in frame. Add the retail box and a second angle if available."
"armani-si","Giorgio Armani","Sì Eau de Parfum","Perfumes","Women's","1 to 3","illustration (temporary)","The exact product as sold (same brand, name, size and shade): front view on a plain light background, soft even light, label readable, no people or other brands in frame. Add the retail box and a second angle if available."
"gucci-bloom","Gucci","Bloom Eau de Parfum","Perfumes","Women's","1 to 3","illustration (temporary)","The exact product as sold (same brand, name, size and shade): front view on a plain light background, soft even light, label readable, no people or other brands in frame. Add the retail box and a second angle if available."
"black-orchid","Tom Ford","Black Orchid Eau de Parfum","Perfumes","Women's","1 to 3","illustration (temporary)","The exact product as sold (same brand, name, size and shade): front view on a plain light background, soft even light, label readable, no people or other brands in frame. Add the retail box and a second angle if available."
"212-sexy","Carolina Herrera","212 Sexy","Perfumes","Women's","1 to 3","illustration (temporary)","The exact product as sold (same brand, name, size and shade): front view on a plain light background, soft even light, label readable, no people or other brands in frame. Add the retail box and a second angle if available."
"versace-bright-crystal","Versace","Bright Crystal Eau de Toilette","Perfumes","Women's","1 to 3","illustration (temporary)","The exact product as sold (same brand, name, size and shade): front view on a plain light background, soft even light, label readable, no people or other brands in frame. Add the retail box and a second angle if available."
"gucci-premiere","Gucci","Première Eau de Parfum","Perfumes","Women's","1 to 3","illustration (temporary)","The exact product as sold (same brand, name, size and shade): front view on a plain light background, soft even light, label readable, no people or other brands in frame. Add the retail box and a second angle if available."
"212-men","Carolina Herrera","212 Men","Perfumes","Men's","1 to 3","illustration (temporary)","The exact product as sold (same brand, name, size and shade): front view on a plain light background, soft even light, label readable, no people or other brands in frame. Add the retail box and a second angle if available."
"bleu-de-chanel","Chanel","Bleu de Chanel","Perfumes","Men's","1 to 3","illustration (temporary)","The exact product as sold (same brand, name, size and shade): front view on a plain light background, soft even light, label readable, no people or other brands in frame. Add the retail box and a second angle if available."
"one-million","Paco Rabanne","1 Million","Perfumes","Men's","1 to 3","illustration (temporary)","The exact product as sold (same brand, name, size and shade): front view on a plain light background, soft even light, label readable, no people or other brands in frame. Add the retail box and a second angle if available."
"versace-eros","Versace","Eros","Perfumes","Men's","1 to 3","illustration (temporary)","The exact product as sold (same brand, name, size and shade): front view on a plain light background, soft even light, label readable, no people or other brands in frame. Add the retail box and a second angle if available."
"boss-bottled","Hugo Boss","Boss Bottled Intense","Perfumes","Men's","1 to 3","illustration (temporary)","The exact product as sold (same brand, name, size and shade): front view on a plain light background, soft even light, label readable, no people or other brands in frame. Add the retail box and a second angle if available."
"lacoste-blanc","Lacoste","L.12.12 Blanc","Perfumes","Men's","1 to 3","illustration (temporary)","The exact product as sold (same brand, name, size and shade): front view on a plain light background, soft even light, label readable, no people or other brands in frame. Add the retail box and a second angle if available."
"ch-men","Carolina Herrera","CH Men","Perfumes","Men's","1 to 3","illustration (temporary)","The exact product as sold (same brand, name, size and shade): front view on a plain light background, soft even light, label readable, no people or other brands in frame. Add the retail box and a second angle if available."
"jpg-ultra-male","Jean Paul Gaultier","Ultra Male","Perfumes","Men's","1 to 3","illustration (temporary)","The exact product as sold (same brand, name, size and shade): front view on a plain light background, soft even light, label readable, no people or other brands in frame. Add the retail box and a second angle if available."
"ch-men-prive","Carolina Herrera","CH Men Privé","Perfumes","Men's","1 to 3","illustration (temporary)","The exact product as sold (same brand, name, size and shade): front view on a plain light background, soft even light, label readable, no people or other brands in frame. Add the retail box and a second angle if available."
"bara-essence-mascara","Bara","Essence Mascara","Makeup","Mascara","1 to 3","illustration (temporary)","The exact product as sold (same brand, name, size and shade): front view on a plain light background, soft even light, label readable, no people or other brands in frame. Add the retail box and a second angle if available."
"rouge-velvet-lipstick","Bourjois","Rouge Velvet The Lipstick","Makeup","Lipstick","1 to 3","illustration (temporary)","The exact product as sold (same brand, name, size and shade): front view on a plain light background, soft even light, label readable, no people or other brands in frame. Add the retail box and a second angle if available."
"burgundy-matte-lipstick","","Matte Lipstick in Burgundy","Makeup","Lipstick","1 to 3","illustration (temporary)","The product as sold: front view on a plain light background, soft even light, no readable third-party logos, no people. Add a second angle if available."
"all-day-lip-color","Seventeen","All Day Lip Color","Makeup","Lipstick","1 to 3","illustration (temporary)","The exact product as sold (same brand, name, size and shade): front view on a plain light background, soft even light, label readable, no people or other brands in frame. Add the retail box and a second angle if available."
"foil-frenzy-palette","Revolution","Foil Frenzy Eyeshadow Palette","Makeup","Eyeshadow","1 to 3","illustration (temporary)","The exact product as sold (same brand, name, size and shade): front view on a plain light background, soft even light, label readable, no people or other brands in frame. Add the retail box and a second angle if available."
"pastel-palette","","Pastel Eyeshadow Palette","Makeup","Eyeshadow","1 to 3","illustration (temporary)","The product as sold: front view on a plain light background, soft even light, no readable third-party logos, no people. Add a second angle if available."
"true-match-foundation","L'Oréal Paris","True Match Foundation","Makeup","Foundation","1 to 3","illustration (temporary)","The exact product as sold (same brand, name, size and shade): front view on a plain light background, soft even light, label readable, no people or other brands in frame. Add the retail box and a second angle if available."
"kohl-eye-pencil","Mon Ami","Eye Pencil No. 17 Dark Green","Makeup","Kohl","1 to 3","illustration (temporary)","The exact product as sold (same brand, name, size and shade): front view on a plain light background, soft even light, label readable, no people or other brands in frame. Add the retail box and a second angle if available."
"makeup-sponges","","Blending Sponge Set","Makeup","Sponges","1 to 3","illustration (temporary)","The product as sold: front view on a plain light background, soft even light, no readable third-party logos, no people. Add a second angle if available."
"joko-eyeshadow-quattro","JOKO","Eyeshadows Quattro Perfect Your Look No. 401 Pearl","Makeup","Eyeshadow","1 to 3","illustration (temporary)","The exact product as sold (same brand, name, size and shade): front view on a plain light background, soft even light, label readable, no people or other brands in frame. Add the retail box and a second angle if available."
"joko-loose-powder","JOKO","Loose Powder Matt Your Face No. 23","Makeup","Powder","1 to 3","illustration (temporary)","The exact product as sold (same brand, name, size and shade): front view on a plain light background, soft even light, label readable, no people or other brands in frame. Add the retail box and a second angle if available."
"joko-moisturizing-lipstick","JOKO","Moisturizing Lipstick No. 41 Sweet Blush","Makeup","Lipstick","1 to 3","illustration (temporary)","The exact product as sold (same brand, name, size and shade): front view on a plain light background, soft even light, label readable, no people or other brands in frame. Add the retail box and a second angle if available."
"eveline-art-scenic-concealer","Eveline","Art Scenic 2-in-1 Liquid Concealer No. 04 Light","Makeup","Concealer","1 to 3","illustration (temporary)","The exact product as sold (same brand, name, size and shade): front view on a plain light background, soft even light, label readable, no people or other brands in frame. Add the retail box and a second angle if available."
"eveline-big-volume-mascara","Eveline","Big Volume Explosion Mascara","Makeup","Mascara","1 to 3","illustration (temporary)","The exact product as sold (same brand, name, size and shade): front view on a plain light background, soft even light, label readable, no people or other brands in frame. Add the retail box and a second angle if available."
"eveline-aqua-platinum-lipstick","Eveline","Aqua Platinum Lipstick 478","Makeup","Lipstick","1 to 3","illustration (temporary)","The exact product as sold (same brand, name, size and shade): front view on a plain light background, soft even light, label readable, no people or other brands in frame. Add the retail box and a second angle if available."
"maybelline-superstay-matte-ink","Maybelline","SuperStay Matte Ink Unnude","Makeup","Lipstick","1 to 3","illustration (temporary)","The exact product as sold (same brand, name, size and shade): front view on a plain light background, soft even light, label readable, no people or other brands in frame. Add the retail box and a second angle if available."
"wet-n-wild-cushion","wet n wild","Cushion Compact","Makeup","Foundation","1 to 3","illustration (temporary)","The exact product as sold (same brand, name, size and shade): front view on a plain light background, soft even light, label readable, no people or other brands in frame. Add the retail box and a second angle if available."
"wow-conditioner","WOW Skin Science","Hair Conditioner","Skincare & Biocosmetics","","1 to 3","illustration (temporary)","The exact product as sold (same brand, name, size and shade): front view on a plain light background, soft even light, label readable, no people or other brands in frame. Add the retail box and a second angle if available."
"moisture-surge-set","Clinique","Moisture Surge Gift Set","Skincare & Biocosmetics","","1 to 3","illustration (temporary)","The exact product as sold (same brand, name, size and shade): front view on a plain light background, soft even light, label readable, no people or other brands in frame. Add the retail box and a second angle if available."
"pink-pajama-set","","Pink Printed Pajama Set","Pajamas","","1 to 3","illustration (temporary)","The product as sold: front view on a plain light background, soft even light, no readable third-party logos, no people. Add a second angle if available."
"grey-fleece-pajama-set","","Grey Fleece Pajama Set","Pajamas","","1 to 3","illustration (temporary)","The product as sold: front view on a plain light background, soft even light, no readable third-party logos, no people. Add a second angle if available."
"love-plaid-pajama-set","","Love Plaid Pajama Set","Pajamas","","1 to 3","illustration (temporary)","The product as sold: front view on a plain light background, soft even light, no readable third-party logos, no people. Add a second angle if available."
"love-nightshirt","","Love Nightshirt","Pajamas","","1 to 3","illustration (temporary)","The product as sold: front view on a plain light background, soft even light, no readable third-party logos, no people. Add a second angle if available."
"boo-pajama-set","","Boo Pajama Set","Pajamas","","1 to 3","illustration (temporary)","The product as sold: front view on a plain light background, soft even light, no readable third-party logos, no people. Add a second angle if available."
"love-black-pajama-set","","Love Black Pajama Set","Pajamas","","1 to 3","illustration (temporary)","The product as sold: front view on a plain light background, soft even light, no readable third-party logos, no people. Add a second angle if available."
"zip-lounge-set","","Zip-Up Lounge Set","Pajamas","","1 to 3","illustration (temporary)","The product as sold: front view on a plain light background, soft even light, no readable third-party logos, no people. Add a second angle if available."
"cat-pajama-set","","Cat Pajama Set","Pajamas","","1 to 3","illustration (temporary)","The product as sold: front view on a plain light background, soft even light, no readable third-party logos, no people. Add a second angle if available."
"hair-dryer","ghd","Helios Hair Dryer","Electrical Devices","","1 to 3","illustration (temporary)","The exact product as sold (same brand, name, size and shade): front view on a plain light background, soft even light, label readable, no people or other brands in frame. Add the retail box and a second angle if available."
"steam-straightener","L'Oréal Professionnel","SteamPod 3.0 Straightener","Electrical Devices","","1 to 3","illustration (temporary)","The exact product as sold (same brand, name, size and shade): front view on a plain light background, soft even light, label readable, no people or other brands in frame. Add the retail box and a second angle if available."
"facial-toning-device","NuFACE","Trinity Complete Facial Toning Kit","Electrical Devices","","1 to 3","illustration (temporary)","The exact product as sold (same brand, name, size and shade): front view on a plain light background, soft even light, label readable, no people or other brands in frame. Add the retail box and a second angle if available."
"haircut-kit","Conair","Simple Cut Home Haircut Kit","Electrical Devices","","1 to 3","illustration (temporary)","The exact product as sold (same brand, name, size and shade): front view on a plain light background, soft even light, label readable, no people or other brands in frame. Add the retail box and a second angle if available."
"collection-fragrance","","Collection: fragrance","Collection","","1","illustration (temporary)","Lifestyle photograph of perfume bottles on a neutral surface. Your own stock, or licensed stock with unbranded bottles."
"collection-makeup","","Collection: makeup","Collection","","1","illustration (temporary)","Makeup flat lay with no readable logos, or your own stock arranged together."
"collection-sleepwear","","Collection: sleepwear","Collection","","1","illustration (temporary)","Folded pyjamas or loungewear on a plain surface. Your own stock, or licensed unbranded stock."
